name,geoid,B17001001,"B17001001, Error",B17001002,"B17001002, Error",B17001003,"B17001003, Error",B17001004,"B17001004, Error",B17001005,"B17001005, Error",B17001006,"B17001006, Error",B17001007,"B17001007, Error",B17001008,"B17001008, Error",B17001009,"B17001009, Error",B17001010,"B17001010, Error",B17001011,"B17001011, Error",B17001012,"B17001012, Error",B17001013,"B17001013, Error",B17001014,"B17001014, Error",B17001015,"B17001015, Error",B17001016,"B17001016, Error",B17001017,"B17001017, Error",B17001018,"B17001018, Error",B17001019,"B17001019, Error",B17001020,"B17001020, Error",B17001021,"B17001021, Error",B17001022,"B17001022, Error",B17001023,"B17001023, Error",B17001024,"B17001024, Error",B17001025,"B17001025, Error",B17001026,"B17001026, Error",B17001027,"B17001027, Error",B17001028,"B17001028, Error",B17001029,"B17001029, Error",B17001030,"B17001030, Error",B17001031,"B17001031, Error",B17001032,"B17001032, Error",B17001033,"B17001033, Error",B17001034,"B17001034, Error",B17001035,"B17001035, Error",B17001036,"B17001036, Error",B17001037,"B17001037, Error",B17001038,"B17001038, Error",B17001039,"B17001039, Error",B17001040,"B17001040, Error",B17001041,"B17001041, Error",B17001042,"B17001042, Error",B17001043,"B17001043, Error",B17001044,"B17001044, Error",B17001045,"B17001045, Error",B17001046,"B17001046, Error",B17001047,"B17001047, Error",B17001048,"B17001048, Error",B17001049,"B17001049, Error",B17001050,"B17001050, Error",B17001051,"B17001051, Error",B17001052,"B17001052, Error",B17001053,"B17001053, Error",B17001054,"B17001054, Error",B17001055,"B17001055, Error",B17001056,"B17001056, Error",B17001057,"B17001057, Error",B17001058,"B17001058, Error",B17001059,"B17001059, Error"
Alabama,04000US01,"4,771,614",1397,"762,642",11016,325560,6091,36732,1502,6976,706,43320,1796,18327,1067,5824,655,12589,847,44104,1947,36200,1767,27658,1369,30588,1372,35883,1707,17887,1218,9472,676,437082,6361,36637,1562,"6,975",771,"41,045",1590,18395,1310,6273,645,11633,754,56800,1872,65703,2029,48347,1667,42164,1468,47755,1473,29153,1270,26202,1009,4008972,11008,1970865,6210,109605,1584,21471,1181,142886,2002,73869,2224,25832,1167,51949,1454,164637,2021,269175,2217,249455,1563,265940,1458,270487,1763,205012,1395,120547,886,2038107,6444,105374,1612,20716,1185,134769,2727,71343,1916,24236,1186,49374,1468,145789,2090,257167,2061,257622,1667,279087,1509,293234,1599,233127,1191,166269,1135
Alaska,04000US02,"719,445",500,"74,369",3007,35939,1573,4037,419,796,176,4248,480,1775,298,698,211,1080,189,4494,602,5108,451,3788,434,3363,317,4358,454,1495,241,699,174,38430,1838,4240,513,617,155,"4,035",440,1615,266,740,196,983,194,5066,481,6742,597,3953,482,3457,355,3582,445,2033,395,1367,263,645076,2962,336272,1598,22123,477,4044,420,27235,857,13419,663,4089,419,8951,422,30239,638,55156,671,43898,605,42746,626,43670,614,28918,391,11784,227,308804,1892,20730,537,5216,592,25359,837,11585,635,4204,352,7817,464,23971,559,48526,712,41399,572,38565,487,41661,515,26487,480,13284,386
Arizona,04000US04,"7,012,999",3053,"990,528",12842,456524,7460,46996,1981,7914,735,57456,1979,25642,1176,9287,788,16191,948,63105,2581,55631,2174,44481,2148,40687,2107,44471,1660,26778,1285,17885,888,534004,7566,44292,1733,"8,757",795,"55,167",2232,25482,1299,8212,807,16523,1279,68728,2829,77082,2284,61186,1813,48016,1435,54330,1892,33571,1293,32658,1581,6022471,12962,2999509,7784,169360,2139,33291,1758,222181,2796,116748,2603,38905,1512,77399,1545,264259,2700,431306,2414,383275,2138,370573,2187,360826,1723,311339,1336,220047,950,3022962,7510,162085,1993,33283,1598,209017,2542,113576,2436,37732,1605,74364,1954,239917,2819,395765,2315,372370,1875,380341,1462,396507,1888,353182,1397,254823,1565
Arkansas,04000US05,"2,923,585",981,"470,190",8038,206639,4510,23978,1270,4389,445,25700,1281,11391,924,3992,464,6992,607,26334,1496,25227,1414,18742,1152,19326,1043,22837,1133,11496,777,6235,519,263551,5032,23652,1150,"4,415",591,"25,408",1404,11839,980,3361,346,6536,650,36082,1485,39677,1721,28722,1531,24463,1173,28769,1396,15968,841,14659,892,2453395,8037,1219965,4568,70934,1425,14409,981,92623,2103,49611,1723,16174,871,32781,944,102205,1498,165107,1565,157570,1446,156098,1337,158751,1177,124425,901,79277,638,1233430,4977,65807,1272,13150,901,89608,1771,44255,1366,16770,831,31612,1074,86918,1545,155620,1713,157324,1624,160904,1268,169397,1425,140925,943,101140,1013
California,04000US06,"38,589,882",3672,"4,853,434",39919,2194991,20802,204423,4459,39921,1626,259955,5330,124833,3349,41954,1660,82096,2203,293105,4900,270730,4307,232935,4069,210483,3404,220806,4014,126684,2944,87066,2266,2658443,22552,197107,4328,"39,479",1984,"249,432",4629,122703,2974,41070,1484,77676,2214,342878,5153,387399,5986,328012,5178,254419,4297,259479,4228,179078,3134,179711,2827,33736448,40345,16888271,20696,1006337,4458,195878,3599,1256040,6504,650392,6820,210069,3029,430652,3379,1465678,5605,2748189,4573,2352875,4439,2259892,3445,2054553,4395,1376704,3067,881012,2370,16848177,23154,958655,4568,191382,3466,1192958,6814,622170,5994,208693,3101,411798,3769,1344570,5076,2508269,6066,2256501,5219,2269392,4324,2165663,4483,1556367,3175,1161759,3071
Colorado,04000US08,"5,563,823",1118,"544,232",9500,249599,4406,21188,1191,3983,640,25074,1444,11418,963,4279,523,7173,613,43796,1629,35384,1612,23973,1207,22739,1216,28164,1171,14315,847,8113,678,294633,6518,18977,1220,"3,950",621,"23,892",1340,11572,949,3810,473,8074,656,51901,2082,46821,1710,32230,1385,26379,1252,30560,1215,19575,1061,16892,1005,5019591,9597,2534249,4618,144780,1424,29666,1358,190083,2550,99076,1689,33095,1104,64410,1169,202104,1840,418408,1853,368106,1332,330150,1516,312920,1215,222448,963,119003,816,2485342,6457,141179,1305,29281,1185,181042,2030,93087,1996,31621,1164,61007,1398,178885,2081,376630,1884,346338,1544,324125,1358,329737,1304,240268,1213,152142,1111
Connecticut,04000US09,"3,466,935",787,"339,156",7695,147174,4086,13180,874,3220,723,16227,1184,7852,765,2556,395,5247,538,19130,1403,17568,1127,13061,981,16557,915,18458,1206,8368,753,5750,474,191982,4860,11966,1028,"2,520",502,"15,935",1201,8362,721,2538,441,5062,577,22393,1463,28551,1296,22582,1227,20509,1093,23041,1186,13700,895,14823,1008,3127779,7746,1540547,4119,78986,984,14807,951,105504,1961,61026,1609,20319,913,42352,1066,130649,1525,202568,1308,192303,1050,219395,1095,225615,1204,150095,802,96928,630,1587232,4887,75923,1072,15505,979,101675,1901,56238,1505,20518,1108,39046,1163,116887,1680,188897,1323,193954,1261,233263,1147,239764,1184,169310,924,136252,1158
Delaware,04000US10,"941,266",610,"107,641",4332,45776,2047,5550,755,1028,331,5363,579,3191,474,1155,280,1256,233,5390,612,4748,646,3627,468,4945,592,5536,621,2356,328,1631,283,61865,2952,5259,593,461,156,"6,377",783,2270,423,992,266,1488,334,7498,611,9434,871,7191,777,5669,569,7633,784,3787,396,3806,552,833625,4382,407595,2146,21564,795,4253,580,27711,1017,15194,941,4461,446,10574,435,31459,742,57534,671,49572,478,52433,628,57058,626,47182,333,28600,305,426030,2990,20927,626,3637,405,27511,1081,15036,854,4740,524,9882,582,27370,645,54530,866,50034,780,57642,567,64036,781,54320,427,36365,556
District of Columbia,04000US11,"669,089",488,"103,391",3390,45274,1990,4236,606,791,282,4658,578,1936,510,805,272,1183,194,7183,877,6154,714,4011,607,4200,545,5728,552,2745,337,1644,322,58117,2446,4418,656,751,228,"5,212",665,2588,452,539,197,1230,316,8013,766,10772,828,6028,621,5721,750,5812,562,3887,437,3146,392,565698,3353,271519,2081,18470,638,3458,585,15174,818,6376,695,2164,371,3482,369,15222,942,69547,726,47288,659,33445,594,27292,568,18076,367,11525,344,294179,2286,17266,666,2457,323,14637,806,6489,691,1839,386,3994,464,18894,824,75775,854,47638,613,31904,735,30803,551,23813,453,18670,402
Florida,04000US12,"20,793,628",2956,"2,772,939",26520,1239481,14666,113726,3023,22181,1539,137499,3611,63134,2870,20312,1430,40544,1680,140320,3688,138270,4223,117996,3473,121003,3404,148390,3926,101606,2804,74500,2659,1533458,15290,110710,4161,"20,487",1293,"127,759",3646,58150,2356,21269,1380,38030,1583,159729,3603,210334,4511,171603,3298,158342,3701,183196,4566,138119,2980,135730,3330,18020689,26941,8863889,15528,454072,3117,86162,2644,565208,6017,307068,4064,101808,2556,202241,2773,683096,4188,1218843,4129,1118251,3601,1192596,3294,1177037,3908,992086,2944,765421,2685,9156800,14988,434159,4101,85672,2611,551094,5370,289448,4293,97561,2464,197055,2525,634489,3675,1144960,4511,1115303,3514,1229673,3836,1306595,4693,1142352,2969,928439,3575
Georgia,04000US13,"10,238,369",2300,"1,461,572",17326,637626,9766,73869,2539,13291,1122,89511,3166,39536,1723,13105,908,22715,1002,83671,2559,70871,2921,59648,2175,56247,1945,62847,2281,34076,1564,18239,1181,823946,10013,68569,2447,"13,112",1054,"87,800",2852,38379,1597,12903,1036,22687,1373,103312,2851,125970,3205,97599,2554,79052,2688,81829,2152,51747,1865,40987,1699,8776797,17659,4299369,10011,253050,2809,51385,2374,333642,3845,183197,3498,62677,1955,120968,2182,371584,2816,620044,3579,585129,2616,609236,2547,536598,2390,368759,1760,203100,1410,4477428,10655,244982,2795,49225,2264,322256,4514,172120,2849,61145,1977,116475,2272,343294,3023,608739,3228,614265,2503,642010,2980,590311,2385,433792,2135,278814,1790
Hawaii,04000US15,"1,381,577",840,"127,971",4297,58550,2175,5401,583,968,257,5897,692,2496,402,859,180,2047,329,6288,657,6679,703,5824,627,5398,553,7535,565,5443,583,3715,595,69421,2749,5745,660,734,184,"5,306",619,2354,445,787,228,1981,321,7162,663,10464,848,8072,778,6590,680,8088,633,5753,588,6385,644,1253606,4506,628280,2265,38828,725,7422,585,44927,1005,22985,965,6633,436,13926,542,47059,959,95164,877,84038,667,79093,661,80485,556,65642,617,42078,586,625326,2891,35671,713,7568,573,42618,1082,20731,1028,6958,579,12734,606,42987,743,85204,859,80234,800,78980,657,83820,634,70343,629,57478,691
Idaho,04000US16,"1,722,972",837,"205,676",5392,93429,3186,10754,816,1804,296,10820,1020,4770,715,1746,291,3234,457,16136,1092,11804,824,8541,882,7092,666,8719,748,4805,530,3204,390,112247,3172,9068,775,"1,600",291,"10,048",802,4635,599,1524,328,3000,472,20332,1162,16296,1031,11891,819,9594,838,10673,867,6829,545,6757,648,1517296,5357,766640,3205,46794,810,10275,919,65749,1786,34641,1505,11789,917,22211,797,63437,1147,101447,980,100849,1077,92685,1018,95235,839,76712,588,44816,465,750656,3469,46172,816,10391,946,61630,1939,33240,1207,11216,678,21363,932,54437,1244,95964,1063,97249,1015,89849,953,98733,989,78958,651,51454,848
Illinois,04000US17,"12,418,504",2377,"1,488,670",18242,654596,9070,66397,2564,12634,921,79111,2818,35877,1667,13020,1005,22957,1242,91455,2374,77486,2352,62720,1957,61441,1887,71806,1849,36745,1303,22947,1180,834074,10654,64286,1904,"12,078",891,"77,166",2634,34497,1776,13053,920,23578,1140,117300,2486,123421,2724,97328,2783,75473,2221,86564,2320,54952,1890,54378,1870,10929834,18322,5419636,9176,313169,2658,61110,1987,399144,3553,214810,3381,73581,1606,143795,2176,446863,2674,790158,2718,737824,2167,733254,2043,719400,1948,487611,1456,298917,1420,5510198,11038,298719,2092,59293,1618,382153,4218,205347,3823,68320,1604,139620,2117,410513,2997,744405,2785,720743,2880,749687,2191,761184,2459,550514,1809,419700,1973
Indiana,04000US18,"6,491,632",2169,"838,149",12468,372593,6702,42623,1903,7469,696,47485,2198,19950,1019,7661,856,13469,866,58965,2051,42259,1859,34628,1372,34359,1424,36305,1407,16811,861,10609,734,465556,7414,38433,1594,"8,281",743,"44,140",2049,20305,1143,6462,628,13281,842,71760,2023,71522,2332,54099,1906,43031,1716,46173,1422,24702,927,23367,1025,5653483,12781,2813070,7035,167448,2164,33452,1385,213738,2775,116109,2270,40112,1420,75784,1787,237630,2299,383360,2041,363151,1731,376191,1551,383042,1525,267149,1063,155904,968,2840413,7616,159729,1644,32758,1297,206206,3057,107870,2604,36653,1250,75587,1351,208669,2343,361135,2369,357861,2064,377824,1820,399852,1616,298351,1218,217918,1328
Iowa,04000US19,"3,051,284",1014,"339,090",6616,150447,3687,15742,979,2993,393,16103,870,7213,593,2568,291,4249,407,29715,1409,17028,1147,12859,841,13857,828,15502,887,7442,577,5176,455,188643,3925,13988,857,"3,042",377,"14,942",881,7193,692,2383,289,4689,494,38191,1425,28124,1313,19720,910,15501,850,17241,827,9918,651,13711,638,2712194,6812,1361477,3865,81757,1100,17719,734,106848,1573,53154,1185,17632,658,37789,844,108819,1504,180520,1055,178235,1174,170994,906,187933,1016,134971,686,85106,662,1350717,4120,80646,903,16178,818,103434,1719,52322,1392,16908,701,35147,848,92239,1569,165754,1617,166839,901,169578,985,193020,959,143971,752,114681,761
Kansas,04000US20,"2,828,498",997,"323,644",6562,142224,3484,14975,831,2415,354,16283,994,7463,658,2022,390,4729,449,27531,1190,17564,1155,12123,902,11306,721,13732,883,6812,510,5269,453,181420,4258,14249,861,"3,007",385,"16,919",1111,7153,713,2902,414,4579,464,35749,1440,25757,1144,17863,1012,13684,697,17504,784,10030,721,12024,809,2504854,6672,1260048,3602,80369,924,17835,906,102804,1484,52771,1429,18107,852,35266,849,106748,1247,172347,1429,163708,1096,155433,927,166404,1116,117521,686,70735,647,1244806,4434,75978,1070,15670,996,96399,1699,51716,1408,16338,753,33779,950,90734,1462,159355,1453,158093,1229,154416,849,172267,865,125212,885,94849,905
Kentucky,04000US21,"4,322,881",1527,"717,895",10991,316903,6292,32867,1392,6322,672,38014,1646,15764,1071,6142,577,10798,775,40241,1666,36800,1492,33149,1404,32579,1382,36557,1149,17694,1140,9976,531,400992,6309,32395,1342,"6,487",695,"36,870",1620,16467,996,6118,600,9779,731,51696,1881,56722,1758,45906,1406,41952,1505,46229,1447,26198,1125,24173,965,3604986,10998,1799395,6490,103907,1455,21103,987,131646,2185,67417,1759,23538,1049,46444,1223,150175,1886,244274,1837,231052,1728,245991,1565,245892,1368,183794,1306,104162,700,1805591,6393,97227,1372,17845,992,125118,2110,65268,1871,22134,1111,44270,1092,126964,1882,228181,1904,229370,1669,247425,1623,260524,1577,203069,1342,138196,1123
Louisiana,04000US22,"4,532,187",1504,"845,230",12732,365843,6869,44699,1823,6452,764,48349,2011,24177,1523,7525,783,14279,969,43037,1881,43851,2096,33303,1884,31017,1618,38837,1271,19255,821,11062,896,479387,7819,42931,1845,"7,309",649,"47,645",1854,21340,1442,7177,664,12877,1024,60635,2265,76340,2398,53454,2077,45755,1746,51381,1913,28713,1712,23830,1146,3686957,12740,1821097,7138,107155,2052,21726,1565,132395,2843,72985,1966,23079,1311,46634,1380,153820,2099,270310,2467,241467,2062,232269,1900,241684,1496,177088,1114,100485,1034,1865860,7672,105093,2007,21407,1497,129481,2622,68048,2100,22357,1084,45977,1296,133207,2235,254884,2393,241650,2171,242921,1850,262442,1879,200015,1770,138378,1137
Maine,04000US23,"1,304,038",705,"144,384",3764,64177,2200,4763,489,1011,255,6304,686,2459,333,1113,274,2044,355,7580,673,8319,681,5973,526,7467,555,9453,681,4506,453,3185,377,80207,2196,4824,504,"1,084",227,"5,845",579,1929,331,834,199,1857,266,9510,801,11595,731,8637,703,8017,728,10877,676,7153,516,8045,683,1159654,3918,573252,2340,27302,599,5491,479,34649,995,20074,979,6546,463,13295,647,39186,733,70781,779,68561,628,80444,614,91599,730,73663,514,41661,484,586402,2210,25241,603,5558,542,33980,1084,17989,839,6263,462,13049,490,34509,901,68291,780,69587,793,83464,794,97976,716,77770,559,52725,752
Maryland,04000US24,"5,894,835",1643,"531,553",8805,229901,4814,22236,1326,4900,631,26876,1690,12052,1071,3809,468,8314,720,28448,1396,26000,1362,21769,1390,22886,1321,27120,1414,15098,1054,10393,720,301652,5640,22075,1367,"4,256",563,"25,894",1364,11524,1069,4271,473,7149,533,38423,1539,45218,1775,34838,1522,29273,1410,32659,1517,23198,1337,22874,1111,5363282,9392,2610650,5119,159424,1588,29919,1210,200109,2466,102526,2350,34503,1056,68127,1249,209072,1594,373272,1475,348135,1520,363438,1456,353132,1511,230251,1201,138742,865,2752632,6108,153300,1473,30091,1485,190923,2209,97664,1845,35570,1153,64060,1298,195674,1606,369261,1899,362749,1609,394525,1522,391954,1580,271368,1374,195493,1353
Massachusetts,04000US25,"6,637,329",1307,"653,454",10187,283099,5241,23454,1437,4288,581,27881,1475,14164,1086,4764,561,9191,662,41989,2122,36488,1808,25165,1236,28579,1435,33083,1416,19859,1093,14194,988,370355,6633,23615,1391,"4,221",532,"26,118",1304,12311,957,4928,588,9146,807,47403,1862,57424,1975,41506,1568,36667,1712,42736,1504,30901,1334,33379,1263,5983875,10228,2938378,5589,156047,1565,30743,1432,195346,2399,108372,2458,36267,1206,74038,1377,236327,2285,447646,1873,382746,1371,411993,1519,412145,1585,277909,1165,168799,1204,3045497,6556,148285,1430,29582,1137,191279,2418,101265,2223,33431,1197,71892,1417,220926,2152,430724,1984,386256,1572,434957,1831,441154,1569,316894,1402,238852,1411
Michigan,04000US26,"9,753,541",1875,"1,337,256",14613,601304,7333,62717,1971,10864,941,66108,2312,31618,1414,10794,766,19117,929,91529,2031,70007,2139,57094,1868,61084,1597,70018,1689,32075,997,18279,1148,735952,8739,59515,1738,"10,964",833,"65,454",2010,29618,1467,10538,814,20812,949,111228,2839,110166,2378,77393,2272,71502,1886,77494,1802,47219,1560,44049,1651,8416285,14962,4183831,7563,222681,2028,47028,1424,290027,2758,158258,2160,55588,1325,111185,1503,355329,2091,566519,2251,509264,2042,563887,1678,602063,1758,437721,1175,264281,1288,4232454,8903,213327,1922,43805,1539,277814,3237,147348,2684,51641,1387,104668,1387,315990,2892,521481,2498,507232,2425,579630,2025,638605,1885,480639,1518,350274,1906
Minnesota,04000US27,"5,476,956",1148,"511,185",6996,230592,4191,21101,1131,3837,496,27170,1199,11194,700,4257,443,7151,600,37131,1740,26879,1099,21707,1041,21054,914,27255,1266,12858,756,8998,488,280593,4449,20044,862,"4,512",763,"27,296",1399,10726,815,3767,425,6903,556,47970,1679,40786,1359,28354,1264,23499,956,27344,920,17654,1010,21738,858,4965771,7266,2494138,4541,155296,1253,31481,1230,192792,2148,98156,2031,32800,808,65457,1035,192327,1771,355516,1466,334191,1218,323629,1158,342001,1302,230539,938,139953,683,2471633,4792,148850,982,28915,1236,181836,2032,96908,1984,32388,1059,62953,1091,171923,1999,329724,1512,321077,1323,320303,1013,350930,1001,244763,1087,181063,957
Mississippi,04000US28,"2,883,074",1037,"564,439",10503,241674,5753,27060,1420,4684,531,34489,1528,16260,1249,4976,568,9071,825,31664,1701,25840,1480,22996,1311,19859,1096,24409,1134,12458,906,7908,684,322765,6046,26106,1513,"5,288",773,"33,342",1528,15281,1018,4991,616,9791,705,39216,1760,46967,1861,38986,1633,30508,1304,33780,1337,20399,1088,18110,869,2318635,10286,1139030,5807,66017,1512,13015,948,86165,2196,45263,1718,14714,770,31953,1092,99259,1834,152710,1809,146467,1371,150427,1634,152309,1231,115815,979,64916,848,1179605,6081,62397,1507,12544,941,83147,2072,42551,1528,14342,956,30459,979,86624,1875,148044,1891,151772,1755,159715,1394,167178,1458,130195,1296,90637,951
Missouri,04000US29,"5,942,813",1800,"772,992",11899,343547,6438,34751,1702,6567,619,40585,1791,17577,1078,6263,493,11682,833,50192,1903,40707,2045,30819,1446,32827,1347,40544,1481,18760,1214,12273,752,429445,6620,35104,1512,"5,858",606,"38,733",1629,18115,1170,6121,570,12571,831,62751,1946,63021,1776,45399,1981,40094,1515,46563,1663,28104,1118,27011,989,5169821,12284,2556947,6982,151227,1736,30111,1472,190874,2710,98924,2252,32473,1161,68281,1476,205936,2390,355448,2235,330194,1643,330009,1542,351875,1573,253842,1259,157753,969,2612874,6880,141759,1758,28951,1171,178831,2242,97065,2212,31795,1185,63693,1480,183764,2529,343120,1821,326946,2093,340887,1547,377522,1900,285780,1312,212761,1287
Montana,04000US30,"1,036,490",671,"132,476",3658,62992,2252,5966,646,868,174,5999,567,2674,465,629,171,1851,307,11860,910,7840,666,5991,526,5264,539,6972,558,4541,495,2537,323,69484,2054,4237,460,725,147,"5,652",529,2685,345,1011,221,1518,265,12561,820,10171,639,7033,598,5553,521,8273,555,5420,488,4645,407,904014,3725,457234,2412,25313,725,4926,463,33287,930,16417,813,5474,375,11386,452,35172,975,60393,748,58009,747,54519,730,66192,676,54474,510,31672,402,446780,2249,24504,633,4673,464,31698,939,15824,726,5034,399,10759,433,29670,776,55976,847,54991,694,54215,562,69281,607,54320,520,35835,496
Nebraska,04000US31,"1,869,467",825,"193,820",4792,86238,2840,9381,776,1660,356,9746,793,4103,503,1436,252,2893,362,15688,1037,10728,721,7278,704,7493,598,8118,693,4424,369,3290,295,107582,2532,8634,711,"1,715",335,"9,581",716,3744,470,1202,204,2733,296,20805,1039,15176,818,10358,673,8668,590,9966,587,6114,474,8886,533,1675647,4953,844030,3019,56585,834,11458,599,70408,1534,35622,1189,12035,548,23488,695,68638,1039,117007,1024,112022,845,102572,757,109945,803,76858,472,47392,428,831617,2602,53732,769,11650,717,66924,1512,33623,1092,11130,615,22087,636,60445,1078,108678,863,107325,776,99855,708,112133,692,82717,549,61318,582
Nevada,04000US32,"2,987,817",1191,"381,695",8350,173998,4311,18353,1098,3267,515,21440,1404,9693,828,2606,416,6391,705,17961,1319,21526,1138,17376,1119,16465,1108,20207,1141,12180,842,6533,629,207697,4798,16458,1088,"3,333",443,"19,338",1177,8798,832,3133,365,6195,682,22750,1280,32703,1649,26493,1131,21731,1075,21875,1008,14789,891,10101,740,2606122,8271,1317272,4386,73666,1268,14653,1006,96808,1894,49177,1574,15836,713,33257,1009,105762,1366,198993,1264,181430,1194,179990,1291,162806,1183,128496,897,76398,702,1288850,4885,71637,1162,13937,989,92720,1784,48322,1640,16297,949,30256,1006,95774,1306,183333,1746,171854,1200,171919,1124,167578,1035,137685,951,87538,737
New Hampshire,04000US33,"1,312,770",746,"97,418",3403,42476,2104,3126,475,898,270,3344,457,1864,365,496,153,1334,291,6717,728,4720,524,3588,512,4494,602,6408,637,3331,453,2156,392,54942,1914,2938,402,396,154,"4,657",611,1340,306,862,189,1254,343,7648,631,8886,715,5914,561,5221,562,6891,645,4369,516,4566,537,1215352,3373,608379,2173,28657,528,6272,585,40328,1160,20386,1009,7418,464,15378,573,46741,819,80803,587,72613,596,88684,668,97112,668,67046,576,36941,484,606973,1970,27583,544,5763,529,36348,995,20549,903,7003,525,14207,520,42052,787,72242,738,71801,613,90541,619,100365,709,71211,599,47308,704
New Jersey,04000US34,"8,713,792",1637,"842,704",14941,367044,7729,37991,2098,7993,821,44474,1843,21059,1297,7120,644,12936,1061,41296,2141,40887,1929,36395,1752,38525,1630,38048,1680,22797,1289,17523,1056,475660,8567,35631,1776,"6,345",617,"42,741",2037,21269,1299,7352,726,12641,867,47513,2036,64531,2024,59708,2068,49545,1955,50199,1676,36561,1236,41624,1691,7871088,15009,3874885,7893,224125,2164,45608,1841,282732,3745,148511,2849,50381,1415,101966,1461,314904,2109,527284,2168,516669,1971,555018,1911,539389,1859,347002,1469,221296,1263,3996203,8834,213893,1794,43281,1512,272948,2964,142402,2528,48273,1491,98674,1729,294180,2145,497108,2058,512096,2102,581052,1969,574507,1795,399852,1291,317937,1822
New Mexico,04000US35,"2,053,909",876,"381,026",7765,174937,4117,18319,1144,3623,692,21034,1212,10233,969,2477,398,7087,727,20510,1137,20458,1212,17790,1099,15587,911,19978,1362,11331,768,6510,490,206089,4648,17758,1127,"3,134",576,"18,807",1169,9635,928,2710,383,6556,531,25619,1306,29703,1333,24692,1479,18750,1087,21814,1060,15260,893,11651,828,1672883,7674,833299,4131,43211,1199,8632,726,61665,1671,33284,1412,10374,716,22092,975,75043,1275,119268,1375,105047,1265,99765,1037,108538,1393,90171,869,56209,569,839584,4672,41526,1184,8150,812,62531,1757,30789,1230,9547,760,21710,928,65025,1317,106569,1428,101062,1610,103593,1080,120476,1018,99059,943,69547,948
New York,04000US36,"19,009,098",2667,"2,581,048",26021,1131023,12347,111679,3548,22617,1329,125833,3089,59663,1870,20440,1048,39725,1575,138607,3231,139228,3256,110701,2939,113014,2509,123801,2761,73266,2066,52449,1920,1450025,15751,108525,2938,"19,661",1080,"121,361",3311,58704,2180,19373,1105,38622,1608,165227,3638,209728,3793,173470,3693,145434,3172,155793,2921,112740,2984,121387,2777,16428050,26096,8067481,12666,459876,3484,86279,2693,539983,4660,286731,4086,94646,2005,193496,2352,646904,3438,1263959,3469,1064604,3108,1107042,2654,1099248,2926,748388,2076,476325,2064,8360569,15901,438055,3172,83088,2587,516996,4569,271877,3589,91604,1854,185779,2155,612212,3993,1215914,3820,1056201,3588,1161856,3148,1185223,3171,861080,2965,680684,2789
North Carolina,04000US37,"10,098,330",2221,"1,411,939",17543,613309,9025,63163,2246,12012,986,81367,2644,34952,1660,11850,882,22470,1326,80984,2787,69213,2304,58254,2397,56291,1651,68030,1980,33609,1435,21114,1504,798630,10407,68043,2493,"12,511",917,"77,018",2524,34227,1683,12669,981,22141,1189,102631,2795,120126,2618,91560,2773,78572,2496,81835,2123,48964,1673,48333,2466,8686391,18174,4267356,9354,240545,2530,46658,1808,309134,3280,164178,3197,54671,1622,111880,1809,347760,3108,598520,2806,562516,2500,600522,2155,559893,2100,425854,1705,245225,1723,4419035,10569,222537,2550,47329,1755,294642,3634,155831,3233,52733,1462,108612,1788,313386,3026,578559,2646,575451,2695,623463,2513,620723,2279,493412,1816,332357,2540
North Dakota,04000US38,"735,842",474,"77,491",2645,36426,1789,3520,440,552,148,3058,488,1502,297,419,117,779,159,8513,900,5002,526,2953,311,2846,387,3891,454,1716,248,1675,241,41065,1567,3032,385,476,144,"3,205",390,1286,226,503,199,1127,275,9606,828,6033,585,3739,548,2691,373,2978,336,2849,390,3540,329,658351,2731,339460,1928,23695,587,4727,476,26825,884,12984,725,3812,330,8124,474,29179,997,56224,625,44036,554,38610,599,43435,534,29795,315,18014,269,318891,1602,22217,512,4277,486,25139,833,12408,748,4157,355,7216,392,25417,820,46676,766,39075,741,36192,486,43372,447,29002,392,23743,397
Ohio,04000US39,"11,350,378",2174,"1,546,011",18637,685678,9758,76726,2429,14742,1234,86540,2558,37884,1981,12038,682,22785,1256,88528,2304,81704,2662,63819,2098,64353,1837,81546,1846,34495,1356,20518,866,860333,10666,71652,2255,"13,630",981,"81,227",2362,35087,1436,12075,874,22449,1143,115044,2870,135900,2877,94493,2388,83110,2089,92270,2233,53131,1870,50265,1754,9804367,19035,4857127,9716,270730,2631,52343,2023,344055,3697,188472,2952,63941,1692,130669,2065,390474,2658,670078,2825,611547,2384,654541,1991,684149,2092,496044,1425,300084,1218,4947240,11374,260320,2406,50195,1977,333808,3167,177448,3113,60727,1426,125511,1648,347172,2980,623001,2771,605125,2525,665569,2356,731352,2282,551791,2014,415221,2210
Oklahoma,04000US40,"3,833,712",1166,"585,520",8015,263585,4466,29827,1062,5796,461,33649,1368,15453,797,5040,451,9304,797,38859,1378,30565,1223,26097,1072,23486,994,25996,926,12042,796,7471,1059,321935,4674,30149,1183,"6,047",537,"33,030",1251,13397,714,4524,363,8321,636,44725,1341,50809,1543,37692,1684,28153,1054,32260,1073,17222,849,15606,794,3248192,8421,1621384,4918,99264,1203,20704,902,127518,1699,66152,1602,22832,844,43585,1013,137945,1559,234181,1362,211835,1150,200854,1214,207079,1131,153457,922,95978,1114,1626808,4709,93711,1325,19731,872,123731,1686,62818,1297,21447,660,42277,776,120858,1376,214673,1384,205418,1619,202960,1246,220084,1031,172076,927,127024,915
Oregon,04000US41,"4,096,744",1877,"506,558",10177,230958,5447,19129,1252,3813,551,21940,1544,9832,865,3288,448,7228,602,37760,1802,32612,1514,24522,1370,21753,995,27216,1233,14419,899,7446,585,275600,5916,17677,1119,"3,355",476,"22,119",1508,9070,802,3502,472,6396,597,43774,1629,44684,1824,31490,1474,25331,1191,31921,1544,19989,998,16292,1005,3590186,10257,1792830,5569,95214,1536,19522,1057,128116,2430,61991,1927,21573,946,42937,1025,135860,1746,262991,1701,252368,1537,231453,1219,231118,1228,195195,990,114492,794,1797356,6184,90646,1264,18153,950,119167,2296,61252,1958,20594,1070,41344,1190,120252,1649,246265,1888,244729,1496,229973,1307,248715,1580,213910,987,142356,1060
Pennsylvania,04000US42,"12,387,061",1951,"1,480,430",18271,653231,10375,63789,2431,13016,1016,76977,2667,35197,1620,11662,1064,21377,1233,92133,2954,76354,2339,59470,2175,62391,2011,76912,2409,38243,1302,25710,1169,827199,10224,62083,2089,"12,184",1013,"73,230",2088,32528,1805,10822,755,21548,1034,107999,2583,121813,2507,90718,2615,82212,1930,90602,2480,57337,2219,64123,1993,10906631,18596,5390071,10653,289289,2479,58316,1813,362636,3326,195694,3095,67134,1639,133914,1927,405977,3070,755272,2298,667375,2370,736385,2755,786935,2607,570419,1484,360725,1399,5516560,10511,274753,2212,54921,1794,353360,3283,183158,3251,65335,1686,127734,1741,367821,2461,705473,2559,658821,2581,751144,1977,834705,2544,634681,2236,504654,2069
Rhode Island,04000US44,"1,017,028",481,"117,785",4786,52293,2473,4563,639,747,225,5597,718,2223,336,772,237,1694,336,7633,980,6475,833,5278,636,5371,614,6180,769,3351,419,2409,369,65492,3161,4492,707,861,273,"5,909",864,2023,381,756,257,1992,374,8873,1057,9393,824,6463,678,7407,740,6658,587,5010,498,5655,613,899243,4731,443554,2456,23134,627,4911,536,27993,1123,15861,1000,4718,513,11432,591,36006,989,66877,838,55605,689,61742,677,64080,762,44333,477,26862,466,455689,3138,21471,816,4756,563,26128,1051,15052,968,4797,483,10277,578,33010,1173,62147,885,55580,715,63922,720,70473,660,49130,549,38946,656
South Carolina,04000US45,"4,950,181",1624,"726,470",11777,313618,6135,33052,1484,5537,620,41244,1767,19254,1415,6405,613,11188,827,38873,1815,32790,1864,27575,1499,29125,1470,38128,1781,19724,1115,10723,892,412852,7536,33491,1589,"5,869",668,"39,377",1778,19108,1750,5424,607,11112,934,51618,2031,62766,1920,44827,1869,38692,1631,45952,1864,30195,1595,24421,1048,4223711,11951,2068384,6477,112966,1426,22706,1550,150084,2878,75093,2335,24466,1075,53433,1316,167237,1897,284768,2116,262363,1859,275932,1502,276532,1810,231277,1347,131527,1028,2155327,7442,106710,1636,21199,1273,142670,2586,73966,2144,24169,1088,51423,1361,144852,2043,276145,1984,270635,2091,294513,1825,314223,1955,265407,1562,169415,1218
South Dakota,04000US46,"849,910",514,"108,863",3307,49372,1724,5657,545,1539,311,5170,463,2079,333,787,197,1630,269,8795,858,6431,542,4815,555,3702,446,4396,421,2629,442,1742,221,59491,2173,5106,476,"1,115",194,"5,655",536,2869,381,599,143,1646,247,9698,749,8233,808,5519,542,5100,527,5675,590,3474,389,4802,452,741047,3287,377700,1739,24056,637,5256,412,30948,808,15440,717,5008,309,9859,432,27896,905,52087,691,48037,639,44588,605,53099,481,39572,538,21854,357,363347,2332,23997,598,4844,512,28690,782,14859,835,4396,374,9604,392,25125,707,45892,852,44350,582,42599,541,52755,584,38763,458,27473,516
Tennessee,04000US47,"6,603,468",1764,"965,213",13412,425554,6966,49642,2029,9574,878,54161,2103,23896,1141,7149,678,14646,970,50842,1948,48800,1966,39781,1758,43073,1787,48807,2106,22101,1010,13082,865,539659,8005,46220,1637,"7,652",722,"51,794",2117,22097,1127,7501,723,13894,1048,65650,2301,84302,2203,61065,1948,52664,1752,61165,1823,33407,1248,32248,1451,5638255,13719,2781237,7371,154397,2168,29741,1358,199197,2919,105245,2842,35693,1360,73303,1312,229125,2200,398213,2377,363135,2022,380767,1789,367862,2115,281942,1289,162617,1076,2857018,8472,147933,1958,31497,1440,186378,3064,104318,2693,34101,1255,69821,1506,207241,2571,381373,2267,364222,2002,394623,2099,401599,2052,317551,1285,216361,1554
Texas,04000US48,"28,013,446",3263,"3,984,260",39546,1775491,17968,222313,4877,42443,2679,258726,6487,117922,3609,37584,1589,70177,2251,231391,3864,201407,4683,169024,5080,135757,2910,147220,3727,85394,2335,56133,1915,2208769,23947,208156,5303,"38,393",1697,"246,459",5383,111725,3279,37214,1705,71165,2140,298442,5089,325171,5727,262620,5265,185590,3535,188051,3723,126333,2868,109450,2814,24029186,40496,12032518,19173,785219,4957,154985,4496,997044,7798,516122,5885,170356,3163,345477,3983,1096000,4260,1861018,5373,1715444,5711,1576880,3648,1384060,3857,910820,2375,519093,2156,11996668,23680,755285,5404,148719,3877,959233,6858,501134,6673,166029,3217,331393,3383,977757,5293,1731752,6392,1667434,5500,1594143,3913,1459843,3932,1019666,3139,684280,3099
Utah,04000US49,"3,102,049",1254,"283,360",7183,129497,3876,14173,1032,2511,370,16884,1193,6588,721,2215,321,4442,478,28600,1447,18388,929,12011,905,8139,683,7711,582,4443,539,3392,421,153863,4337,13340,1065,"2,600",360,"16,228",1358,6029,544,1906,347,4130,497,34860,1471,23611,1390,16971,1037,10635,823,10009,745,6370,536,7174,576,2818689,7119,1428331,4049,112104,1145,22870,1334,145411,2027,72326,1612,24215,919,46843,1095,142924,1529,213794,1177,204590,1001,152726,912,137480,700,95532,552,57516,556,1390358,4528,106295,1103,21893,1149,138028,1779,67009,1669,23171,1096,44676,1120,130894,1474,202299,1370,194942,1038,149167,926,141409,875,102222,629,68353,730
Vermont,04000US50,"599,938",300,"64,700",2292,28999,1308,1970,334,468,169,2504,367,1029,194,570,166,674,176,5124,586,3334,343,2812,392,2984,392,3987,461,2310,354,1233,208,35701,1636,1767,272,458,167,"2,261",347,1066,222,279,92,929,193,6961,745,4472,432,3854,395,3532,439,4592,504,2771,351,2759,284,535238,2280,266990,1402,12840,367,2890,354,17302,618,8891,475,3276,276,6344,328,20673,695,33610,490,31844,471,36196,468,42433,490,32761,370,17930,276,268248,1664,11903,273,2098,282,16376,567,8479,496,2832,293,6264,327,16917,788,31899,513,31897,364,37623,534,44139,531,34931,358,22890,375
Virginia,04000US51,"8,255,575",1852,"826,708",14162,360440,7188,35247,1787,6194,615,42243,2008,19151,1148,6371,658,11814,831,57999,2036,41262,1840,31597,1566,32527,1654,40125,1465,22634,1219,13276,921,466268,8152,34342,2130,"6,627",562,"41,590",1903,18607,1243,7010,669,12441,937,69808,2128,68816,1998,54289,2195,43759,1789,48437,1749,30104,1316,30438,1344,7428867,14253,3667375,7083,221189,1923,42410,1612,271849,3009,141742,2681,47588,1471,94365,1646,286985,2287,530373,2553,503806,2087,507216,1771,482953,1670,335744,1268,201155,1249,3761492,8798,208838,2220,41958,1554,258414,2998,134808,2690,46299,1503,87434,1683,268325,2089,511255,2118,501122,2238,527023,1811,522138,1926,384555,1492,269323,1514
Washington,04000US53,"7,372,433",1681,"751,044",12849,341490,6866,31175,1877,5876,757,36319,1744,15518,1164,6205,692,9365,769,51730,1893,47323,2002,34886,1578,32280,1382,38566,1482,20693,1233,11554,922,409554,7381,28329,1568,"5,372",620,"35,016",1678,15190,1096,5312,587,10382,679,61276,1733,66461,2259,45601,1696,38770,1457,44608,1761,28252,1101,24985,1181,6621389,12949,3333248,7011,197499,1906,40494,1561,246889,2811,120224,2105,40487,1226,81060,1424,258598,2044,534427,2083,467226,1831,431265,1538,425498,1494,311859,1422,177722,1060,3288141,7543,188449,1731,37730,1763,234354,2885,117119,2262,38765,1103,78001,1198,231754,1874,483144,2366,446765,1745,424270,1589,442121,1733,340556,1248,225113,1327
West Virginia,04000US54,"1,755,591",906,"300,152",6818,133773,3602,11446,735,2205,357,14682,1035,6073,754,1988,423,3669,438,18587,1026,16722,1057,14317,947,14657,807,16682,973,8046,607,4699,476,166379,4077,12568,925,"2,467",410,"14,515",1054,5963,663,2142,349,4500,541,22401,1250,23618,961,19460,1150,17305,875,19883,1039,11000,816,10557,698,1455439,7208,729818,4009,36034,851,7081,630,47605,1362,24588,1096,8638,666,17820,781,54576,1093,88000,1284,90756,1180,99424,968,107476,1125,93024,785,54796,559,725621,4166,32726,965,6238,651,44903,1481,23531,1089,7688,556,16450,709,45680,1309,80539,1054,87402,1250,99029,996,112263,1156,99373,935,69799,795
Wisconsin,04000US55,"5,659,485",1207,"620,947",8262,277914,4563,26658,1184,5630,701,31271,1539,13344,786,4203,452,8577,491,52029,1977,31713,1327,22923,1049,23358,992,31242,1009,16341,1256,10625,665,343033,5030,26587,1309,"5,142",547,"29,564",1345,12891,804,4985,451,8288,562,61276,1755,48980,1629,34931,1279,27924,1039,35251,1108,23012,1432,24202,935,5038538,8201,2529042,4604,139852,1224,28848,1245,184424,2084,96410,1999,33064,833,67780,973,197727,1925,333285,1514,325411,1297,340859,1297,369526,1176,258795,1283,153061,851,2509496,5119,132124,1324,27311,1044,177355,2101,90887,1832,31346,911,64289,935,176403,1958,308679,1720,312987,1412,339839,1032,377670,1202,270112,1546,200494,1040
Wyoming,04000US56,"566,858",468,"61,006",3007,27714,1611,2947,490,565,215,3077,431,1074,258,335,100,693,215,5412,548,3619,520,2045,316,1889,342,3214,429,1958,314,886,209,33292,1710,2377,364,658,195,"2,471",420,921,245,277,100,780,207,7083,692,4933,484,3173,440,2776,400,3225,423,2390,299,2228,282,505852,3035,260066,1769,14850,579,3050,411,20393,900,10604,750,3047,377,7135,463,19723,689,36480,749,34825,533,31608,617,35979,578,27347,370,15025,235,245786,1796,14470,434,2769,335,20322,779,9799,647,3263,389,5966,387,16108,713,32044,663,32215,602,29444,493,36120,426,26271,395,16995,353